id;nome;cpf;email;telefone
1;Card;transform;Rebeca.Costa@bol.com.br;synthesize Operative artificial
2;payment Madeira;AGP Savings local;Helosa.Costa39@gmail.com;Accounts initiatives transmitter
3;matrix digital bottom-line;Re-engineered;Mrcia_Carvalho@gmail.com;Auto Fantástico
4;Bedfordshire;Switchable Macio;Slvia.Franco19@yahoo.com;Cambridgeshire
5;Congelado;Architect cinza;Tertuliano_Reis56@live.com;facilitate Bola
6;calculating online;Frango;JlioCsar65@live.com;calculate
7;Chile Investor protocol;Plástico cultivate;DaviLucca.Albuquerque@yahoo.com;Atum
8;Auto Director Lead;Avenida payment microchip;Clia_Moreira90@live.com;mobile Platinum
9;Madeira Loan coral;optimize Eletrônicos;Bryan37@bol.com.br;Travessa
10;Cambridgeshire;Account Avon;Paulo_Oliveira73@hotmail.com;Orchestrator
